Route,Title,Meta Description,H1,Canonical URL
/,"Cell Phone, iPhone & iPad Repair in Winnipeg","Fast, affordable, and trusted phone and tablet repair in Winnipeg. Same-day service and warranty-backed repairs by certified techs.",Welcome to Mobile Tech Lab,https://mobiletechlab.ca/
/repairs,Device Repair Services in Winnipeg | Mobile Tech Lab,"Expert phone, tablet, and game console repair services in Winnipeg. Fast turnaround, certified technicians, and 90-day warranty on all repairs.",Device Repair Services in Winnipeg,https://mobiletechlab.ca/repairs
/consoles,"Game Console Repair Winnipeg | PS5, Xbox, Switch | Mobile Tech Lab","Professional game console repair in Winnipeg. HDMI port repair, overheating fixes, disc drive and controller repairs for PS5, PS4, Xbox, Nintendo Switch, and Steam Deck.",Game Console Repair in Winnipeg,https://mobiletechlab.ca/consoles
/repair/iphone,iPhone Repair Winnipeg | Screen & Battery Fix | Mobile Tech Lab,"Expert iPhone repair in Winnipeg & Thompson. Same-day screen replacement, battery swap, charging port & back glass repair for all iPhone models. Price match guarantee.","iPhone Repair in Winnipeg – Fast, Affordable & Trusted",https://mobiletechlab.ca/repair/iphone
/repair/samsung,Samsung Phone Repair Winnipeg | Screen & Battery Fix | Mobile Tech Lab,"Expert Samsung Galaxy repair in Winnipeg. Screen replacement, battery, charging port, water damage repair for all Galaxy S, Z Fold, Z Flip, A series & Note models. Fast same-day service.",Samsung Repair Manitoba,https://mobiletechlab.ca/repair/samsung
/repair/google-pixel,Google Pixel Repair Winnipeg | Screen & Battery Fix | Mobile Tech Lab,"Professional Google Pixel repair in Winnipeg. Screen replacement, battery, charging port repair for Pixel 9, 8, 7, 6, Fold & all models. Same-day service available.",Google Pixel Repair Manitoba,https://mobiletechlab.ca/repair/google-pixel
/repair/motorola,Motorola Phone Repair Winnipeg | Screen & Battery Fix | Mobile Tech Lab,"Affordable Motorola repair in Winnipeg. Screen, battery, charging port repair for Moto G, Edge, Razr & all models. Budget-friendly same-day service.",Motorola Repair Manitoba,https://mobiletechlab.ca/repair/motorola
/repair/oneplus,OnePlus Phone Repair Winnipeg | Screen & Battery Fix | Mobile Tech Lab,"Premium OnePlus repair in Winnipeg. Screen replacement, Warp Charge port, battery repair for OnePlus 12, 11, Nord & Open. Expert same-day service.",OnePlus Repair Manitoba,https://mobiletechlab.ca/repair/oneplus
/repair/lg,LG Phone Repair Winnipeg | Screen & Battery Fix | Mobile Tech Lab,"LG phone repair specialists in Winnipeg. Screen, battery, charging port repair for LG Velvet, V series, G series, Stylo & all legacy models. We keep your LG running!",LG Repair Manitoba,https://mobiletechlab.ca/repair/lg
/repair/huawei,"Huawei Phone Repair Winnipeg | Broken Screens, Bad Batteries | Mobile Tech Lab","Expert Huawei repair in Winnipeg. Screen, battery, motherboard repair for Huawei P60, P50, Mate, Nova & Honor devices. Hard-to-find parts specialists.",Huawei Repair Manitoba,https://mobiletechlab.ca/repair/huawei
/repair/xiaomi,Xiaomi Repair Winnipeg | Redmi & POCO Screen Fix | Mobile Tech Lab,"Xiaomi repair specialists in Winnipeg – no local competition! Screen, battery, fast charging repair for Xiaomi 14, 13, Redmi Note, POCO & all models.",Xiaomi Repair Manitoba,https://mobiletechlab.ca/repair/xiaomi
/repair/oppo,Oppo Repair Winnipeg | Find X & Reno Screen Fix | Mobile Tech Lab,"Oppo repair in Winnipeg. Screen, battery, SUPERVOOC charging repair for Oppo Find X, Reno, A series & Realme devices. Growing market specialists.",Oppo Repair Manitoba,https://mobiletechlab.ca/repair/oppo
/repair/nothing,Nothing Phone Repair Winnipeg | Glyph & Screen Fix | Mobile Tech Lab,"Nothing Phone repair in Winnipeg. Screen, Glyph interface, battery repair for Nothing Phone (2), Phone (1) & CMF devices. New brand expertise.",Nothing Phone Repair Manitoba,https://mobiletechlab.ca/repair/nothing
/repair/infinix,Infinix Repair Winnipeg | Screen & Battery Fix | Mobile Tech Lab,"Infinix phone repair in Winnipeg. Screen, battery, charging port repair for Infinix Note, Hot, Zero & GT series. Underserved market specialists.",Infinix Repair Manitoba,https://mobiletechlab.ca/repair/infinix
/repair/tcl,TCL Phone Repair Winnipeg | Screen & Battery Fix | Mobile Tech Lab,"TCL phone repair in Winnipeg. Screen, battery, charging port repair for TCL 50, 40, 30 series & tablets. Budget device specialists.",TCL Repair Manitoba,https://mobiletechlab.ca/repair/tcl
/repair/zte,ZTE Repair Winnipeg | nubia & Blade Screen Fix | Mobile Tech Lab,"ZTE phone repair in Winnipeg. Screen, battery, charging repair for ZTE nubia, Red Magic, Blade & Axon series. Rare device specialists.",ZTE Repair Manitoba,https://mobiletechlab.ca/repair/zte
/repair/blackberry,Blackberry Phone Repair Winnipeg | KEY2 & Classic Fix | Mobile Tech Lab,"Blackberry repair specialists in Winnipeg. Screen, keyboard, battery repair for KEY2, KEYone, Classic, Passport & all legacy models. We keep discontinued devices running!",Blackberry Repair Manitoba,https://mobiletechlab.ca/repair/blackberry
/repair/sony-xperia,Sony Xperia Repair Winnipeg | Screen & Camera Fix | Mobile Tech Lab,"Sony Xperia repair in Winnipeg. Screen, battery, camera repair for Xperia 1, 5, 10 series & Pro models. Premium device specialists.",Sony Xperia Repair Manitoba,https://mobiletechlab.ca/repair/sony-xperia
/repair/vivo,Vivo Repair Winnipeg | X Series & iQOO Fix | Mobile Tech Lab,"Vivo phone repair in Winnipeg. Screen, battery, camera repair for Vivo X100, V30, Y series & iQOO gaming phones. Growing brand specialists.",Vivo Repair Manitoba,https://mobiletechlab.ca/repair/vivo
/repair/samsung-galaxy-tab,Samsung Galaxy Tab Repair Winnipeg | Screen & Battery Fix | Mobile Tech Lab,"Professional Samsung Galaxy Tab repair in Winnipeg. Screen replacement, battery, charging port repair for Tab S10, S9, S8, A9, Active & all models. Same-day service available.",Samsung Galaxy Tab Repair Manitoba,https://mobiletechlab.ca/repair/samsung-galaxy-tab
/repair/ipad,iPad Repair Winnipeg | Screen & Battery Replacement,"Professional iPad repair in Winnipeg. Screen replacement, battery, charging port repair for iPad Pro, iPad Air, iPad mini & all models. Same-day service available.",iPad Repair Manitoba,https://mobiletechlab.ca/repair/ipad
/repair/amazon-kindle-fire,Amazon Kindle & Fire Tablet Repair Winnipeg | E-Reader Specialists,"Expert Kindle e-reader and Fire tablet repair in Winnipeg. E-Ink screen replacement, battery service, charging port repair. Same-day service available.",Amazon Kindle & Fire Tablet Repair Manitoba,https://mobiletechlab.ca/repair/amazon-kindle
/repair/apple-watch,Apple Watch Repair Winnipeg | Screen & Battery Replacement,"Expert Apple Watch repair in Winnipeg. Screen replacement and battery replacement for all Apple Watch models including Series 10, Ultra 2, and SE. Fast, reliable service.",Apple Watch Repair Manitoba,https://mobiletechlab.ca/repair/apple-watch
/repair/ipod,"iPod Repair Winnipeg | Screen, Battery & Data Recovery","Expert iPod repair in Winnipeg. Screen replacement, battery replacement, charging issues, home button repair, and data recovery for all iPod generations. Fast service.",iPod Repair Manitoba,https://mobiletechlab.ca/repair/ipod
/repair/macbook,MacBook Repair Services | Expert Mac Repairs,"Professional MacBook repair services including screen replacement, battery replacement, keyboard repair, liquid damage restoration, and data recovery. Fast turnaround and quality parts.",MacBook Repair Manitoba,https://mobiletechlab.ca/repair/macbook
/repair/surface,Microsoft Surface Repair in Manitoba | MobileTechLab,"Expert Microsoft Surface repair services in Winnipeg and Winkler. Screen replacement, battery replacement, charging issues, data recovery, and liquid damage repair.",Microsoft Surface Repair Manitoba,https://mobiletechlab.ca/repair/surface
/repair/laptop,"Laptop Repair Winnipeg | Asus, Acer, Lenovo, HP, Dell & More","Expert Windows laptop and Chromebook repair in Winnipeg. Screen replacement, battery service, keyboard repair, SSD upgrades. All brands serviced. Same-day available.",Laptop Repair Manitoba,https://mobiletechlab.ca/repair/laptop
/repair/nintendo-switch,Nintendo Switch Repair Winnipeg | Joy-Con Drift Fix | Mobile Tech Lab,"Nintendo Switch repair in Winnipeg. Joy-Con drift, screen, battery, charging port repair for Switch OLED, Switch Lite & original Switch.",Nintendo Switch Repair Manitoba,https://mobiletechlab.ca/repair/nintendo-switch
/repair/ps5,PS5 Repair Winnipeg | PlayStation 5 Fix | Mobile Tech Lab,"PS5 repair in Winnipeg. Overheating, HDMI port, disc drive, DualSense controller repair for PlayStation 5. Console repair specialists.",PS5 Repair Manitoba,https://mobiletechlab.ca/repair/ps5
/repair/ps4,PS4 Repair Winnipeg | PlayStation 4 Fix | Mobile Tech Lab,"PS4 repair in Winnipeg. Overheating, HDMI port, disc drive, controller repair for PlayStation 4 Pro, Slim & Original. Console repair specialists.",PS4 Repair Manitoba,https://mobiletechlab.ca/repair/ps4
/repair/xbox,Xbox Repair Winnipeg | Series X & Controller Fix | Mobile Tech Lab,"Xbox repair in Winnipeg. Overheating, HDMI port, disc drive, controller repair for Xbox Series X, Series S, One & 360. Console specialists.",Xbox Repair Manitoba,https://mobiletechlab.ca/repair/xbox
/repair/steam-deck,Steam Deck Repair Winnipeg | Screen & Joystick Fix | Mobile Tech Lab,"Steam Deck repair in Winnipeg. Screen, joystick drift, battery, SSD upgrade for Steam Deck OLED & LCD models. PC gaming handheld specialists.",Steam Deck Repair Manitoba,https://mobiletechlab.ca/repair/steam-deck
/repair/water-damage,Water & Liquid Damage Repair Winnipeg | Mobile Tech Lab,"Liquid damage is unpredictable. We focus on honest diagnostics and data recovery first — with no false promises. Phones, tablets, and laptops.","iPhone Water Damage in Winnipeg? We're Here to Help",https://mobiletechlab.ca/repair/water-damage
/repair/cat-s62-charging-port,CAT S62 Charging Port Repair & Replacement | USB-C Port Fix,"CAT S62 not charging? We specialize in CAT S62 Pro charging port replacement and USB-C port repair. Same-day micro-soldering. Mail-in service available.",CAT S62 Charging Port Repair,(set by NicheRepairTemplate)
/repair/blackmagic-hdmi,BlackMagic Pocket 4K/6K HDMI Port Repair | BMPCC HDMI Fix,"BMPCC 4K or 6K HDMI not working? We repair BlackMagic Pocket Cinema Camera HDMI ports and controller IC chips. Mail-in service available Canada-wide.",BlackMagic Pocket 4K/6K HDMI Repair,(set by NicheRepairTemplate)
/business,Business & Wholesale Device Repair | Mobile Tech Lab Winnipeg,"B2B device repair and buyback for schools, IT resellers, and repair shops. Volume pricing, free shipping, and fleet trade-in programs. No minimums.",Business & Wholesale Repairs,(dynamic: window.location.href)
/trade-in,Sell Your Phone Winnipeg | Get Cash for Used Devices | Mobile Tech Lab,"Sell your used phone, tablet, or laptop in Winnipeg. Get cash or store credit same-day. Price match guarantee. Free shipping on mail-ins. Working or damaged devices accepted.",Sell Your Phone for Cash in Winnipeg,https://mobiletechlab.ca/trade-in
/screen-quality,Screen Quality Options | Mobile Tech Lab,"Compare screen quality options for iPhone, iPad, and Samsung repairs. Choose from Value, Premium, or Genuine screens with warranties up to lifetime coverage.",Choose Your Screen Quality,(none set)
/contact,Contact Us | Mobile Tech Lab Winnipeg & Thompson,"Contact Mobile Tech Lab for device repair in Winnipeg and Thompson, Manitoba. Call us, visit our stores, or get a free online quote. Walk-ins welcome!",Contact Mobile Tech Lab,https://mobiletechlab.ca/contact
/repair-pricing,Repair Pricing Explained in Winnipeg | Mobile Tech Lab,"Understand how repair pricing works in Winnipeg: why costs vary, screen quality options, warranties, turnaround times, and when repair vs replacement makes sense.",(set by PricingHero component),https://mobiletechlab.ca/repair-pricing
/repair-or-replace-device-canada,Repair or Replace Your Device? Canadian Statistics (2026),2026 Canadian data on smartphone repair costs e-waste and replacement cycles. A neutral guide from Mobile Tech Lab.,(set by InfographicHero component),https://mobiletechlab.ca/repair-or-replace-device-canada
/location/winnipeg,Visit Our St. Vital Winnipeg Location | Mobile Tech Lab,"Visit Mobile Tech Lab at our St. Vital storefront in Winnipeg. Walk-ins welcome for device repairs. Open 7 days a week.",Our Winnipeg (St. Vital) Store Location,https://mobiletechlab.ca/location/winnipeg
/location/thompson,Visit Our Thompson Repair Location | Mobile Tech Lab,"Visit Mobile Tech Lab at our Thompson storefront in City Centre Mall. Walk-ins welcome for device repairs. Open Monday to Saturday.",(set in component),https://mobiletechlab.ca/location/thompson
/service-areas,Mobile Tech Lab | Manitoba Mail-In Phone Repair Service Areas,"We serve customers across Manitoba with fast mail-in phone and device repair from our Winnipeg lab. View towns we service and request a prepaid shipping label.",Mail-In Phone Repair Across Manitoba,https://mobiletechlab.ca/service-areas
/service-area/steinbach,"Mail-In Phone & Device Repair for Steinbach, MB | Mobile Tech Lab","Steinbach, MB mail-in phone and device repair. Free prepaid shipping, fast turnaround, trusted service. Get a free quote for iPhone, Samsung, PS5 repairs and more.",(set by MailInHero component),https://mobiletechlab.ca/service-area/steinbach
/service-area/portage-la-prairie,Mail-In Phone & Device Repair for Portage la Prairie | Mobile Tech Lab,"Portage la Prairie mail-in phone and device repair. Free prepaid shipping, fast turnaround, trusted service. Get a free quote for iPhone, Nintendo Switch, PS5 repairs and more.",(set by MailInHero component),https://mobiletechlab.ca/service-area/portage-la-prairie
/service-area/brandon,"Mail-In Phone & Console Repair for Brandon, MB | Mobile Tech Lab","Brandon, MB mail-in phone and console repair. Free prepaid shipping, fast turnaround, trusted service. Get a free quote for iPhone, Samsung, Nintendo Switch repairs and more.",(set by MailInHero component),https://mobiletechlab.ca/service-area/brandon
/service-area/selkirk,"Mail-In Phone & Device Repair for Selkirk, MB | Mobile Tech Lab","Selkirk, MB mail-in phone and device repair. Free prepaid shipping, fast turnaround, trusted service. Get a free quote for iPhone, Samsung, Nintendo Switch repairs and more.",(set by MailInHero component),https://mobiletechlab.ca/service-area/selkirk
/service-area/the-pas,"Phone Repair in The Pas, MB | Mobile Tech Lab (via Thompson or Mail-In)","Need phone repair in The Pas? Visit our Thompson location during your trip or use our fast prepaid mail-in service. Trusted by Manitobans for expert device repair.",(set by component),https://mobiletechlab.ca/service-area/the-pas
/service-area/st-catharines,"iPhone Repair St. Catharines — Mail-In Screen & Battery Fix | Mobile Tech Lab","iPhone repair for St. Catharines, ON — mail in your iPhone for screen replacement, battery swap, or charging port fix. Also Samsung, iPad, Nintendo Switch & PlayStation repair. Prepaid shipping, 2–3 day delivery.",iPhone Repair for St. Catharines ON,https://mobiletechlab.ca/service-area/st-catharines
/service-area/prince-albert,"iPhone Repair Prince Albert — Mail-In Screen & Battery Fix | Mobile Tech Lab","iPhone repair for Prince Albert, SK — mail in your iPhone for screen replacement, battery swap, or charging port fix. Also Samsung, iPad, Nintendo Switch & Xbox repair. Prepaid shipping, 2–3 day delivery.",iPhone Repair for Prince Albert SK,https://mobiletechlab.ca/service-area/prince-albert
/devices,Device Guides — Is Your Phone Still Worth Repairing? | Mobile Tech Lab,"Honest, data-driven device guides for popular smartphones. Find out if your phone is still worth repairing, trading in, or upgrading — from a Canadian repair shop.",Device Guides,https://mobiletechlab.ca/devices/
/devices/iphone-xr,"Is the iPhone XR Still Supported in 2026? Repair Viability, iOS Support & Upgrade Options","A factual look at the iPhone XR in 2026 — including iOS support status, app compatibility, repair viability, and trade-in or upgrade options for Canadian users.",(set by DeviceHubTemplate),https://mobiletechlab.ca/devices/iphone-xr
/devices/iphone-xs,"Is the iPhone XS Still Supported in 2026? Repair Viability, iOS Support & Upgrade Options","Factual guide to the iPhone XS in 2026 — iOS support status, OLED repair costs vs resale value, battery life, app compatibility, and upgrade options for Canadian users.",(set by DeviceHubTemplate),https://mobiletechlab.ca/devices/iphone-xs
/devices/iphone-xs-max,Is the iPhone XS Max Still Supported in 2026? Repair Viability & Upgrade Guide,"A factual guide to the iPhone XS Max in 2026 — covering iOS support status, OLED repair costs, battery life, app compatibility, and trade-in or upgrade options for Canadian users.",(set by DeviceHubTemplate),https://mobiletechlab.ca/devices/iphone-xs-max
/devices/iphone-11,Is the iPhone 11 Still Supported in 2026? Repair Viability & Upgrade Guide,"A factual guide to the iPhone 11 in 2026 — covering iOS support, LCD repair costs, battery life, app compatibility, and trade-in or upgrade options for Canadian users.",(set by DeviceHubTemplate),https://mobiletechlab.ca/devices/iphone-11
/devices/iphone-11-pro,Is the iPhone 11 Pro Still Supported in 2026? Repair Viability & Upgrade Guide,"Factual guide to the iPhone 11 Pro in 2026 — OLED repair costs vs resale value, iOS support status, triple-camera viability, battery life, and upgrade options for Canadian users.",(set by DeviceHubTemplate),https://mobiletechlab.ca/devices/iphone-11-pro
/repair/controller-repair-winnipeg,Controller Repair Winnipeg | Xbox & PS5 Controller Repair,"Need controller repair in Winnipeg? We fix Xbox and PS5 controller issues including stick drift, broken buttons, charging ports, and connectivity problems. Fast diagnostics and professional repair from Mobile Tech Lab.",Controller Repair in Winnipeg,https://mobiletechlab.ca/repair/controller-repair-winnipeg
/screen-insurance,Screen Protection Plans | Mobile Tech Lab,"Protect your iPhone screen for 12 months with a one-time payment. Get a free Premium screen replacement — no monthly fees, no deductibles.",One Year Coverage for Only $50,https://mobiletechlab.ca/screen-insurance
/phone-problems/phone-not-charging,Why Is My Phone Not Charging? 9 Common Causes and Fixes,"Phone not charging? Learn the most common causes and how to fix them before paying for repairs.",Why Is My Phone Not Charging? 9 Common Causes and Fixes,https://mobiletechlab.ca/phone-problems/phone-not-charging
/phone-problems/phone-not-charging/iphone,iPhone Not Charging? Causes and Fixes (Troubleshooting Guide),"Is your iPhone not charging? Learn the most common causes like dirty charging ports, faulty cables, and battery issues—and how to fix them.",iPhone Not Charging? 8 Common Causes and How to Fix It,https://mobiletechlab.ca/phone-problems/phone-not-charging/iphone
/phone-problems/phone-not-charging/samsung,Samsung Phone Not Charging? Causes and Fixes | Mobile Tech Lab,"Is your Samsung phone not charging? Learn the most common causes like USB-C port damage, dirty charging ports, and battery problems—and how to fix them.",Samsung Phone Not Charging? 9 Causes and How to Fix It,https://mobiletechlab.ca/phone-problems/phone-not-charging/samsung
/phone-problems/phone-not-charging/charging-port,Phone Charging Port Not Working? Causes & Fixes | Mobile Tech Lab,"Does your phone only charge at certain angles? Learn why charging ports fail, how to fix common issues, and when a charging port repair is needed.",Phone Only Charges at an Angle? Your Charging Port May Be Damaged,https://mobiletechlab.ca/phone-problems/phone-not-charging/charging-port
/phone-problems/phone-not-charging/slow-charging,Phone Charging Slowly? Causes and Fixes | Mobile Tech Lab,"Is your phone charging slowly? Learn the most common causes like weak chargers, dirty charging ports, and battery problems—and how to fix them.",Why Your Phone Is Charging Slowly (8 Common Causes and Fixes),https://mobiletechlab.ca/phone-problems/phone-not-charging/slow-charging
